,City,Cloudiness,Country,Date,Humidity,Lat,Lng,Max Temp,Wind Speed
0,Punta Arenas,75,CL,1575419712,62,-53.16,-70.91,53.6,21.92
1,Upernavik,100,GL,1575419721,82,72.79,-56.15,12.51,6.29
2,Ushuaia,75,AR,1575419694,71,-54.81,-68.31,50.0,27.51
3,Hobart,75,AU,1575419548,35,-42.88,147.33,57.99,25.28
4,Maxixe,1,MZ,1575420013,87,-23.86,35.35,79.52,13.35
5,Victoria,75,BN,1575419569,88,5.28,115.24,78.8,3.78
6,Xiaoweizhai,87,CN,1575420127,73,26.23,107.51,40.06,5.14
7,Sao Gabriel da Cachoeira,100,BR,1575420128,94,-0.13,-67.09,75.07,1.48
8,Mersing,59,MY,1575420129,78,2.43,103.84,81.68,23.26
9,Bredasdorp,91,ZA,1575419667,58,-34.53,20.04,53.6,4.7
10,Nouadhibou,0,MR,1575420131,82,20.93,-17.03,64.4,13.87
11,Port Elizabeth,1,US,1575419961,59,39.31,-74.98,41.0,3.36
12,Cap Malheureux,40,MU,1575420135,78,-19.98,57.61,75.99,10.29
13,Huilong,100,CN,1575420136,62,31.15,106.5,46.71,1.12
14,Vaini,96,IN,1575419645,86,15.34,74.49,66.99,12.77
15,Rikitea,84,PF,1575419661,85,-23.12,-134.97,76.39,15.5
16,Avarua,74,CK,1575419646,78,-21.21,-159.78,80.6,4.7
17,Jeremie,35,HT,1575420140,92,18.65,-74.12,70.54,2.26
18,Carnarvon,5,ZA,1575419708,74,-30.97,22.13,42.58,23.69
19,Sao Filipe,100,CV,1575419784,81,14.9,-24.5,71.91,15.66
20,Goderich,100,CA,1575420143,91,43.74,-81.71,37.0,11.01
21,Na Wa,5,TH,1575420144,72,17.49,104.1,60.8,4.7
22,Sisimiut,100,GL,1575420145,76,66.94,-53.67,11.23,6.67
23,Kabo,61,CF,1575419963,31,7.69,18.62,73.0,2.73
24,Amarante do Maranhao,80,BR,1575420147,64,-5.57,-46.74,80.62,4.99
25,Puerto Baquerizo Moreno,75,EC,1575420149,88,-0.9,-89.6,73.4,11.41
26,Daru,100,PG,1575420150,48,-9.07,143.21,93.6,2.53
27,Port Alfred,51,ZA,1575419707,65,-33.59,26.89,62.01,5.99
28,Baiyin,0,CN,1575420152,77,36.55,104.13,6.8,4.47
29,Lakatoro,81,VU,1575420153,79,-16.11,167.42,86.0,10.29
30,Mahebourg,40,MU,1575419786,78,-20.41,57.7,75.99,10.29
31,Neos Marmaras,100,GR,1575420155,100,40.1,23.78,46.0,13.0
32,Tuktoyaktuk,75,CA,1575419780,83,69.44,-133.03,-9.4,5.82
33,Mackay,90,CA,1575420158,59,53.65,-115.58,33.8,6.93
34,Touros,40,BR,1575420022,78,-5.2,-35.46,80.6,9.17
35,Busselton,37,AU,1575419665,40,-33.64,115.35,79.0,3.0
36,Ossora,100,RU,1575420162,99,59.24,163.07,7.05,26.96
37,Cherskiy,83,RU,1575419650,97,68.75,161.3,-21.32,5.53
38,Nyurba,14,RU,1575420164,93,63.29,118.35,-31.65,6.98
39,Kapit,100,MY,1575420165,96,2.02,112.94,75.04,0.49
40,Pekalongan,0,ID,1575420166,76,-6.89,109.67,80.28,5.48
41,Manicore,35,BR,1575420167,68,-5.81,-61.3,80.46,0.94
42,Butaritari,82,KI,1575419788,75,3.07,172.79,84.16,12.1
43,Albany,1,US,1575419658,67,42.65,-73.75,28.99,9.17
44,Muros,0,ES,1575420171,83,42.77,-9.06,48.99,4.7
45,Shimoda,20,JP,1575420172,66,34.7,138.93,55.4,5.82
46,Isangel,44,VU,1575420173,78,-19.55,169.27,82.4,9.17
47,Kavieng,18,PG,1575420174,64,-2.57,150.8,84.34,3.11
48,Kaitangata,83,NZ,1575420175,43,-46.28,169.85,69.01,14.0
49,Qaanaaq,100,GL,1575419657,76,77.48,-69.36,4.91,6.82
50,Oktyabrskiy,75,RU,1575420177,79,55.61,37.97,28.99,4.47
51,Hurricane,1,US,1575420178,86,37.18,-113.29,52.0,4.7
52,Atuona,19,PF,1575419660,78,-9.8,-139.03,79.57,14.92
53,Cidreira,0,BR,1575419741,70,-30.17,-50.22,69.39,27.89
54,Copiapo,90,CL,1575420028,72,-27.37,-70.33,60.8,10.29
55,Dehloran,86,IR,1575420184,79,32.69,47.27,58.91,2.53
56,Aden,63,YE,1575419942,68,12.79,45.03,76.8,6.46
57,Moussoro,51,TD,1575420186,16,13.64,16.49,73.69,10.83
58,Cape Town,0,ZA,1575419430,54,-33.93,18.42,60.01,31.09
59,Khatanga,0,RU,1575419705,86,71.98,102.47,-27.49,10.09
60,Paamiut,100,GL,1575420189,75,61.99,-49.67,20.16,6.85
61,Cockburn Town,0,TC,1575420190,69,21.46,-71.14,80.49,7.54
62,Hithadhoo,28,MV,1575419778,78,-0.6,73.08,82.76,8.05
63,Iqaluit,20,CA,1575420192,64,63.75,-68.52,-2.2,3.36
64,Broome,1,GB,1575420194,93,52.47,1.45,42.8,5.82
65,Narsaq,8,GL,1575420195,52,60.91,-46.05,17.6,6.93
66,Zavetnoye,100,RU,1575420196,89,47.12,43.89,27.5,13.85
67,Dikson,100,RU,1575419664,87,73.51,80.55,3.04,11.77
68,Petropavlovsk-Kamchatskiy,75,RU,1575420198,92,53.05,158.65,24.8,4.47
69,Kodiak,1,US,1575419682,52,39.95,-94.76,46.99,10.29
70,Hasaki,20,JP,1575419772,44,35.73,140.83,52.0,3.36
71,Barrow,33,AR,1575419795,76,-38.31,-60.23,52.95,3.78
72,Kichera,0,RU,1575420203,52,55.93,110.1,-21.84,8.48
73,Chambas,40,CU,1575420204,83,22.19,-78.91,69.8,5.82
74,Castro,17,CL,1575419759,66,-42.48,-73.76,53.6,11.41
75,Pacific Grove,90,US,1575420193,82,36.62,-121.92,60.8,3.36
76,Georgetown,40,GY,1575419654,94,6.8,-58.16,77.0,4.7
77,Oktyabrskoye,75,RU,1575420208,85,56.73,85.44,23.0,11.18
78,Bandarbeyla,100,SO,1575420209,71,9.49,50.81,77.9,26.31
79,Saint Anthony,90,US,1575420210,92,43.97,-111.68,30.2,1.95
80,Saint George,90,GR,1575419757,81,39.45,22.34,50.0,5.82
81,Ahipara,2,NZ,1575419671,69,-35.17,173.16,82.0,5.48
82,Talakan,100,RU,1575420214,94,50.29,130.28,-10.48,7.76
83,Puerto Ayora,75,EC,1575419746,65,-0.74,-90.35,77.0,12.75
84,Ust-Maya,100,RU,1575420047,92,60.42,134.54,-27.08,4.59
85,Thompson,75,CA,1575419744,85,55.74,-97.86,10.4,5.82
86,Kifri,97,IQ,1575420218,79,34.69,44.96,57.34,6.42
87,Severo-Kurilsk,71,RU,1575420038,74,50.68,156.12,22.66,14.34
88,Jamestown,40,AU,1575419687,35,-33.21,138.6,67.06,6.4
89,Saint-Philippe,75,CA,1575420221,63,45.36,-73.48,30.0,8.05
90,Tchibanga,86,GA,1575420223,97,-2.92,11.0,72.39,0.65
91,Bluff,20,AU,1575419656,15,-23.58,149.07,90.16,15.43
92,Arraial do Cabo,75,BR,1575419713,78,-22.97,-42.02,71.6,4.7
93,Imbituba,40,BR,1575420226,68,-28.24,-48.67,71.6,5.82
94,Gamboma,56,CG,1575420227,88,-1.87,15.88,70.68,1.61
95,Coos Bay,1,US,1575419693,76,43.37,-124.22,55.99,1.36
96,Flin Flon,90,CA,1575420229,85,54.77,-101.88,19.4,2.24
97,Baixa Grande,100,BR,1575420230,76,-11.96,-40.17,76.48,11.18
98,Russkaya Polyana,1,RU,1575420231,93,53.78,73.88,9.63,2.98
99,East London,75,ZA,1575419964,72,-33.02,27.91,61.21,16.08
100,Awbari,92,LY,1575420233,24,26.59,12.77,65.8,8.1
101,Vila Velha,20,BR,1575420235,74,-3.71,-38.6,82.4,9.17
102,Kapaa,90,US,1575419668,74,22.08,-159.32,80.6,12.75
103,Labuhan,77,ID,1575420237,84,-2.54,115.51,79.21,2.15
104,Rock Springs,1,US,1575420091,80,41.59,-109.2,30.2,12.75
105,Ribeira Grande,98,PT,1575419777,71,38.52,-28.7,57.99,13.47
106,Bethel,1,US,1575419665,77,60.79,-161.76,8.6,8.05
107,Mar del Plata,41,AR,1575419789,60,-46.43,-67.52,54.97,8.12
108,Mataura,52,NZ,1575419731,83,-46.19,168.86,55.0,11.01
109,Vanimo,92,PG,1575419993,77,-2.67,141.3,81.73,3.76
110,Villa Rica,75,CO,1575420245,69,3.18,-76.46,75.2,6.93
111,Isoka,62,ZM,1575420246,92,-10.15,32.64,64.44,2.68
112,Naze,100,NG,1575420247,90,5.43,7.07,75.69,3.22
113,Pevek,100,RU,1575419704,80,69.7,170.27,6.55,5.06
114,Mogzon,41,RU,1575420249,98,51.74,111.97,-17.28,2.66
115,Bubaque,59,GW,1575419971,59,11.28,-15.83,83.17,10.74
116,Jangipur,5,IN,1575420251,44,24.46,88.11,61.74,5.19
117,Ancud,0,CL,1575419988,66,-41.87,-73.83,53.6,11.41
118,Lagoa,0,PT,1575420032,76,37.14,-8.45,51.8,5.82
119,Chuy,84,UY,1575419991,61,-33.69,-53.46,66.07,10.47
120,Ostrovnoy,98,RU,1575420256,99,68.05,39.51,13.89,10.67
121,Geraldton,90,CA,1575419951,79,49.72,-86.95,24.8,2.24
122,Tasiilaq,84,GL,1575419730,79,65.61,-37.64,28.4,4.7
123,Bonavista,100,CA,1575420259,85,48.65,-53.11,37.0,7.0
124,Yumen,22,CN,1575420260,63,40.29,97.04,17.53,10.71
125,Beringovskiy,78,RU,1575419992,97,63.05,179.32,0.19,13.62
126,Kabanjahe,75,ID,1575420263,100,3.1,98.49,77.0,3.36
127,New Norfolk,75,AU,1575419729,35,-42.78,147.06,57.99,25.28
128,College,90,US,1575420265,84,64.86,-147.8,8.6,2.68
129,Farah,0,AF,1575420266,38,32.37,62.11,53.8,6.42
130,Yellowknife,75,CA,1575419523,77,62.45,-114.38,1.4,13.87
131,Lahat,99,ID,1575420268,96,-3.78,103.55,69.6,1.01
132,Ponta do Sol,94,BR,1575420021,90,-20.63,-46.0,67.55,6.73
133,Esperance,60,AU,1575419735,32,-33.86,121.89,84.2,23.04
134,Te Anau,100,NZ,1575419673,88,-45.41,167.72,48.16,7.36
135,Lavrentiya,53,RU,1575420273,81,65.58,-170.99,15.28,8.93
136,Utiel,75,ES,1575420274,82,39.57,-1.21,55.4,14.99
137,Walla Walla,1,US,1575420275,70,46.06,-118.33,36.0,6.93
138,Beloha,0,MG,1575420171,58,-25.17,45.06,76.08,5.32
139,Brae,83,GB,1575420277,87,60.4,-1.35,46.4,14.99
140,Daloa,98,CI,1575420278,60,6.88,-6.45,80.04,4.03
141,Seymchan,89,RU,1575420279,93,62.93,152.39,-29.83,7.99
142,Ghanzi,100,BW,1575420280,82,-21.7,21.65,68.56,18.66
143,Klin,90,RU,1575420281,86,56.34,36.74,26.6,13.42
144,Klamath Falls,1,US,1575420283,86,42.22,-121.78,41.0,10.29
145,Nyrob,100,RU,1575420284,92,60.74,56.73,16.97,10.13
146,Hospet,55,IN,1575420288,94,15.27,76.4,66.42,6.69
147,Chumikan,100,RU,1575420033,74,54.72,135.31,-0.45,13.51
148,Roebourne,0,AU,1575420290,9,-20.77,117.15,99.7,15.5
149,Airai,67,TL,1575419718,54,-8.93,125.41,78.35,3.67
150,Moa,67,CU,1575420292,87,20.66,-74.95,68.81,1.57
151,Kavaratti,96,IN,1575420292,75,10.57,72.64,83.64,15.21
152,Gezing,20,AT,1575420295,86,47.92,13.13,28.0,3.36
153,Prudentopolis,22,BR,1575420296,97,-25.21,-50.98,65.79,1.3
154,Mount Isa,68,AU,1575420297,13,-20.73,139.49,89.6,13.87
155,Tura,99,RU,1575420298,92,64.27,100.22,-16.78,6.15
156,North Bend,1,US,1575420220,76,43.41,-124.22,55.99,2.17
157,Mayuge,98,UG,1575420300,94,0.46,33.48,65.16,4.05
158,Padang,91,ID,1575420301,92,-0.92,100.36,69.3,3.44
159,Lata,38,IN,1575420303,6,30.78,78.62,23.76,8.03
160,Port Hedland,12,AU,1575420304,17,-20.31,118.58,93.2,3.36
161,Santa Cruz,36,BR,1575420305,90,-6.22,-36.02,71.28,4.7
162,Hermanus,50,ZA,1575420306,52,-34.42,19.24,57.99,10.0
163,Torbay,90,CA,1575420307,100,47.66,-52.73,37.99,6.93
164,Flinders,0,AU,1575420308,15,-34.58,150.85,82.0,18.34
165,Davila,90,PH,1575420309,88,18.47,120.58,75.2,19.46
166,Port Blair,40,IN,1575420310,74,11.67,92.75,82.4,11.41
167,Bambous Virieux,40,MU,1575420312,78,-20.34,57.76,75.99,10.29
168,Dobryanka,75,RU,1575420313,85,58.45,56.42,17.6,8.95
169,Gejiu,100,CN,1575420314,94,23.36,103.16,45.39,3.98
170,Batagay-Alyta,0,RU,1575420315,88,67.8,130.41,-31.99,0.76
171,Souillac,0,FR,1575420316,86,45.6,-0.6,37.0,4.7
172,Lebu,40,ET,1575420317,62,8.96,38.73,57.2,4.7
173,Luwuk,100,ID,1575420229,70,-0.95,122.79,81.93,1.99
174,Blagoyevo,100,RU,1575420320,93,63.37,47.92,22.46,10.98
175,Poum,100,MK,1575420321,96,41.28,20.71,29.16,6.78
176,Ocean City,20,US,1575420220,66,30.44,-86.61,51.01,6.93
177,Dunedin,100,NZ,1575420323,70,-45.87,170.5,59.74,13.31
178,Adrar,0,DZ,1575420042,46,27.87,-0.29,51.8,8.05
179,Isla Vista,90,US,1575420232,48,34.41,-119.86,64.4,9.17
180,Inhambane,0,MZ,1575420326,86,-23.87,35.38,79.56,16.26
181,Gigmoto,93,PH,1575420327,80,13.78,124.39,82.78,19.22
182,Cubulco,40,GT,1575420328,64,15.11,-90.63,68.0,13.87
183,Guerrero Negro,56,MX,1575420329,43,27.97,-114.04,68.43,9.42
184,Maniitsoq,100,GL,1575420330,87,65.42,-52.9,16.81,14.0
185,Tessalit,15,ML,1575419790,18,20.2,1.01,66.94,5.7
186,Los Llanos de Aridane,13,ES,1575419952,63,28.66,-17.92,64.4,6.93
187,Kununurra,0,AU,1575419766,55,-15.77,128.74,91.4,3.36
188,Mezen,97,RU,1575420335,96,65.85,44.24,17.31,7.58
189,Togur,97,RU,1575420336,96,58.36,82.83,15.35,5.44
190,George Town,20,MY,1575420110,78,5.42,100.33,78.8,4.94
191,Nikolskoye,97,RU,1575420338,87,59.7,30.79,32.0,15.66
192,Port-Gentil,100,GA,1575420339,79,-0.72,8.78,80.4,6.91
193,Ambilobe,60,MG,1575420340,73,-13.19,49.05,77.92,9.78
194,Donskoye,90,RU,1575420341,92,45.45,41.98,28.4,11.18
195,Kysyl-Syr,21,RU,1575420109,98,63.9,122.77,-39.12,5.26
196,Cayenne,20,GF,1575420344,88,4.94,-52.33,78.8,3.36
197,Chibombo,14,ZM,1575420345,76,-14.68,28.09,66.79,3.44
198,Boa Vista,86,BR,1575420346,66,2.82,-60.67,84.2,4.7
199,Issaquah,90,US,1575420347,62,47.53,-122.04,51.8,6.93
200,Lorengau,100,PG,1575419776,72,-2.02,147.27,84.06,6.04
201,Alice Springs,0,AU,1575419873,16,-23.7,133.88,84.2,12.75
202,Auchi,98,NG,1575420350,58,7.07,6.27,77.54,4.45
203,Hervey Bay,0,AU,1575420112,13,-25.3,152.85,95.0,6.93
204,Iquitos,40,PE,1575420284,83,-3.75,-73.25,78.8,4.7
205,Hobyo,88,SO,1575420100,76,5.35,48.53,77.13,8.3
206,Sungaipenuh,100,ID,1575420117,97,-2.08,101.38,64.22,2.68
207,Luderitz,3,NA,1575420109,63,-26.65,15.16,60.8,12.75
208,Khor,100,RU,1575420357,91,47.88,134.96,0.23,16.2
209,Lompoc,75,US,1575420347,39,34.64,-120.46,64.4,3.36
210,Taoudenni,0,ML,1575420008,38,22.68,-3.98,63.14,9.04
211,Madingou,99,CG,1575420360,97,-4.17,13.56,71.28,1.45
212,Stephenville,90,CA,1575420361,87,48.55,-58.59,35.6,13.87
213,Lebyazhye,100,RU,1575420362,80,59.96,29.42,32.0,15.66
214,Virginia Beach,1,US,1575420364,80,36.85,-75.98,46.99,3.36
215,Constitucion,5,MX,1575420365,8,23.99,-104.67,75.2,5.82
216,Smithers,90,CA,1575420300,100,54.78,-127.17,28.4,3.36
217,Paraopeba,75,BR,1575420367,83,-19.28,-44.4,69.8,9.17
218,Pidhorodne,75,UA,1575420368,92,48.57,35.1,28.4,13.42
219,Xining,0,CN,1575420369,65,36.62,101.77,8.64,5.21
220,Matara,100,BI,1575420370,97,-3.48,29.48,59.07,0.29
221,Dubbo,0,AU,1575420371,22,-32.25,148.6,77.0,17.22
222,Hickory,1,US,1575420301,73,35.73,-81.34,46.4,4.7
223,Ilulissat,75,GL,1575420373,72,69.22,-51.1,12.2,25.28
224,Atar,0,MR,1575420375,41,20.52,-13.05,63.73,8.28
225,Hede,94,SE,1575420376,81,60.45,15.49,33.8,3.94
226,Nemuro,20,JP,1575420377,32,43.32,145.57,26.6,25.28
227,Coquimbo,100,CL,1575420378,82,-29.95,-71.34,59.0,11.41
228,La Palma,98,CO,1575420379,96,5.36,-74.39,70.48,1.99
229,Coahuayana,0,MX,1575420380,56,18.62,-100.35,77.88,0.54
230,Xiongyue,0,CN,1575420381,45,40.18,122.12,24.67,4.52
231,Nome,1,US,1575420383,77,30.04,-94.42,62.01,5.82
232,Saskylakh,0,RU,1575420384,98,71.97,114.09,-35.45,6.13
233,Fortuna,1,US,1575420385,82,40.6,-124.16,57.99,9.17
234,Emba,40,CY,1575420386,66,34.81,32.42,55.4,6.93
235,Turukhansk,100,RU,1575420387,94,65.8,87.96,3.45,13.06
236,Mandalgovi,0,MN,1575420388,59,45.76,106.27,9.91,3.6
237,Plettenberg Bay,77,ZA,1575420389,69,-34.05,23.37,56.66,4.59
238,Mount Gambier,75,AU,1575420030,76,-37.83,140.78,57.2,17.22
239,Pangnirtung,100,CA,1575420391,100,66.15,-65.72,-10.77,6.69
240,Gayeri,0,BF,1575420392,17,12.65,0.49,74.86,7.0
241,Meulaboh,88,ID,1575420394,80,4.14,96.13,79.68,1.52
242,Puerto Narino,63,CO,1575420395,88,-3.77,-70.38,80.6,3.36
243,Paita,90,PE,1575420396,82,-5.09,-81.11,69.62,12.39
244,Armidale,0,AU,1575420397,9,-30.51,151.67,70.0,5.01
245,Asopos,18,GR,1575420398,74,36.73,22.85,61.77,8.43
246,Codrington,0,AU,1575420399,16,-28.95,153.24,89.01,4.7
247,Novoagansk,81,RU,1575420401,96,61.94,76.66,2.14,9.95
248,Tiksi,29,RU,1575420402,98,71.64,128.87,-32.21,0.27
249,San Patricio,22,PY,1575420403,41,-26.98,-56.83,75.25,4.59
250,Raudeberg,98,NO,1575420404,87,61.99,5.14,48.2,17.22
251,Potiskum,100,NG,1575420405,24,11.71,11.08,68.99,8.14
252,Semirom,100,IR,1575420406,91,31.41,51.57,31.84,3.78
253,Bowen,36,AU,1575420407,46,-20.01,148.25,93.2,12.75
254,Norman Wells,90,CA,1575419870,76,65.28,-126.83,-4.0,10.29
255,Gazanjyk,100,TM,1575420409,77,39.24,55.52,47.37,4.0
256,Melbourne,90,AU,1575420386,51,-37.81,144.96,63.0,17.22
257,Namatanai,61,PG,1575419960,70,-3.66,152.44,84.87,6.76
258,Marawi,100,PH,1575420413,72,8.0,124.29,82.0,1.99
259,Longyearbyen,1,NO,1575420414,62,78.22,15.63,21.2,11.41
260,Arklow,75,IE,1575420415,75,52.79,-6.14,46.4,9.17
261,Clyde River,90,CA,1575420416,76,70.47,-68.59,-4.0,4.7
262,Omboue,72,GA,1575420417,96,-1.57,9.26,73.85,0.81
263,Aktau,90,KZ,1575420418,83,43.65,51.16,35.6,8.95
264,Sao Joao da Barra,99,BR,1575420419,75,-21.64,-41.05,72.54,9.48
265,Vila Franca do Campo,75,PT,1575420412,72,37.72,-25.43,60.8,13.87
266,Antalaha,97,MG,1575420050,75,-14.9,50.28,81.1,15.7
267,Cam Ranh,20,VN,1575420423,69,11.92,109.15,77.0,16.11
268,Bihoro,40,JP,1575420424,29,43.75,144.14,26.6,16.11
269,Kiunga,100,PG,1575420425,89,-6.12,141.3,77.04,5.93
270,Taksimo,0,RU,1575420095,84,56.36,114.84,-35.59,0.72
271,Hamilton,90,CA,1575420385,100,43.26,-79.87,33.01,6.93
272,Vangaindrano,45,MG,1575420428,91,-23.35,47.6,72.68,3.74
273,Zakamensk,0,RU,1575420430,88,50.38,103.29,-2.25,2.62
274,Wanaka,100,NZ,1575420431,88,-44.7,169.14,48.0,1.01
275,Zabid,22,YE,1575420432,47,14.2,44.5,56.91,3.69
276,Bilma,42,NE,1575420433,22,18.69,12.92,65.66,6.06
277,Pangai,75,TO,1575420434,88,-19.8,-174.35,77.0,11.41
278,Koundara,100,GN,1575420435,17,12.49,-13.3,77.11,3.89
279,Ballitoville,90,ZA,1575420436,87,-29.54,31.21,60.8,11.41
280,Galesong,40,ID,1575420437,88,-5.32,119.37,80.6,4.7
281,Road Town,24,VG,1575420179,88,18.42,-64.62,80.6,2.24
282,Chokurdakh,79,RU,1575420439,99,70.62,147.9,-20.0,3.09
283,Faanui,75,PF,1575420440,71,-16.48,-151.75,83.14,7.65
284,Timra,100,SE,1575420441,100,62.49,17.33,44.01,4.7
285,Hilo,90,US,1575420443,78,19.71,-155.08,75.99,10.29
286,Longview,1,US,1575420444,66,32.5,-94.74,59.0,4.36
287,Timizart,9,DZ,1575420445,59,36.8,4.25,63.05,5.93
288,Kuytun,46,RU,1575420446,96,54.34,101.51,0.18,5.57
289,Ust-Ishim,17,RU,1575420447,95,57.69,71.17,10.06,4.94
290,Lalmohan,34,BD,1575420448,76,22.34,90.74,63.81,5.91
291,Leningradskiy,100,RU,1575420449,87,69.38,178.42,18.37,17.34
292,Vao,99,EE,1575420450,93,59.1,26.19,33.66,8.63
293,Nakamura,40,JP,1575420452,75,35.17,136.87,51.8,3.36
294,Westport,1,US,1575420061,64,41.14,-73.36,35.6,8.05
295,Nyaunglebin,100,MM,1575420454,82,17.95,96.73,71.73,2.77
296,Salalah,100,OM,1575420455,57,17.01,54.1,77.0,17.22
297,Comodoro Rivadavia,63,AR,1575420351,87,-45.87,-67.48,51.8,3.36
298,Teya,5,MX,1575420457,69,21.05,-89.07,73.99,4.7
299,Gao,0,ML,1575420189,14,16.28,-0.04,73.22,5.91
300,Ljubuski,0,BA,1575420302,59,43.2,17.55,37.4,3.36
301,Pizarro,99,CO,1575420460,79,4.95,-77.37,80.11,3.65
302,Samarai,82,PG,1575420461,62,-10.62,150.67,85.3,6.4
303,Katsuura,20,JP,1575420462,61,33.93,134.5,48.2,8.05
304,Pisco,75,PE,1575420464,88,-13.71,-76.2,68.0,8.05
305,Rio Grande,82,BR,1575420278,74,-32.03,-52.1,66.99,3.0
306,San Miguel Ixtahuacan,49,GT,1575420466,69,15.25,-91.75,54.0,4.0
307,Dicabisagan,100,PH,1575420467,87,17.08,122.42,79.18,13.85
308,Barcelos,100,BR,1575420290,89,-0.97,-62.93,76.37,1.5
309,Atkinson,1,US,1575420469,80,41.42,-90.02,41.0,9.17
310,Cairns,100,AU,1575420470,59,-16.92,145.77,89.6,9.17
311,Majene,95,ID,1575420471,71,-3.54,118.97,82.72,3.36
312,Christchurch,35,NZ,1575420343,29,-43.53,172.64,78.8,16.11
313,Iranshahr,0,IR,1575420473,37,27.21,60.69,55.4,6.93
314,Ulladulla,0,AU,1575420475,15,-35.36,150.48,78.8,18.34
315,Vostok,100,RU,1575420476,92,46.45,135.83,-10.66,6.82
316,Kungurtug,12,RU,1575420477,77,50.6,97.53,-2.0,2.46
317,Mabay,40,CU,1575420478,83,20.35,-76.78,73.4,10.29
318,Tiarei,20,PF,1575420479,66,-17.53,-149.33,87.8,10.29
319,Shangrao,11,CN,1575420480,54,28.45,117.97,40.98,2.95
320,Mossendjo,95,CG,1575420481,98,-2.95,12.72,70.03,1.43
321,El Carmen,40,AR,1575420483,88,-24.39,-65.26,69.8,6.93
322,Noyabrsk,66,RU,1575420484,97,63.2,75.45,-0.08,12.95
323,Mwense,100,ZM,1575420485,97,-10.39,28.7,66.56,3.27
324,Klaksvik,99,FO,1575420486,93,62.23,-6.59,48.2,23.04
325,Grindavik,40,IS,1575420043,74,63.84,-22.43,37.4,16.11
326,Santiago,100,PH,1575420235,99,16.69,121.54,71.49,5.73
327,Yulara,0,AU,1575420489,13,-25.24,130.99,86.0,16.11
328,Port Lincoln,0,AU,1575420075,49,-34.72,135.86,66.9,4.34
329,Saint Lawrence,75,MT,1575420491,100,36.06,14.2,62.01,5.82
330,Ketchikan,90,US,1575420493,86,55.34,-131.65,39.2,3.67
331,Hirara,75,JP,1575419947,64,24.8,125.28,68.0,16.11
332,Kovdor,100,RU,1575420495,89,67.56,30.47,16.79,3.91
333,Bathsheba,40,BB,1575420496,74,13.22,-59.52,82.4,16.11
334,Ambanja,87,MG,1575420497,86,-13.68,48.45,77.43,4.03
335,Charlottesville,1,US,1575420265,73,38.03,-78.48,39.99,4.7
336,Providencia,99,CO,1575420499,95,1.24,-77.6,49.77,4.76
337,Sikeston,1,US,1575420362,86,36.88,-89.59,44.01,4.7
338,Mahibadhoo,47,MV,1575420501,77,3.78,72.97,82.67,7.56
339,Yar-Sale,85,RU,1575420031,96,66.83,70.83,4.19,10.22
340,Udachnyy,75,RU,1575420504,75,66.42,112.4,-18.4,4.47
341,Zhigansk,17,RU,1575420011,96,66.77,123.37,-36.31,6.8
342,Buala,77,SB,1575420506,75,-8.15,159.59,84.07,7.02
343,Allapalli,92,IN,1575420507,85,19.43,80.06,61.11,2.04
344,Karratha,0,AU,1575420508,61,-20.74,116.85,85.71,0.27
345,Tabou,65,CI,1575420509,92,4.42,-7.36,76.19,3.44
346,Chazuta,40,PE,1575420510,100,-6.57,-76.13,62.6,3.36
347,Mahajanga,20,MG,1575420511,65,-15.72,46.32,80.6,5.82
348,Kamyshevatskaya,96,RU,1575420513,76,46.41,37.96,34.88,11.1
349,Huarmey,96,PE,1575420514,77,-10.07,-78.15,66.58,4.76
350,Council Bluffs,1,US,1575420515,83,41.26,-95.86,46.4,10.29
351,Oranjestad,20,AW,1575420414,79,12.52,-70.03,84.2,19.46
352,Ejido,85,VE,1575420517,94,8.55,-71.24,47.82,3.8
353,Doka,1,SD,1575420518,33,13.52,35.76,72.57,6.08
354,Aripuana,8,BR,1575420519,73,-9.17,-60.63,78.39,1.68
355,Henties Bay,82,NA,1575420520,87,-22.12,14.28,57.99,4.0
356,Nanortalik,100,GL,1575420522,64,60.14,-45.24,27.03,32.91
357,Sicuani,97,PE,1575420523,97,-14.27,-71.23,35.65,4.25
358,Leon,1,US,1575420524,73,40.74,-93.75,42.8,10.29
359,Waingapu,91,ID,1575420525,71,-9.65,120.26,84.83,8.48
360,Rawson,99,AR,1575420526,82,-43.3,-65.11,51.15,35.3
361,Divnomorskoye,100,RU,1575420527,67,44.5,38.13,40.8,11.05
362,Provideniya,90,RU,1575420528,85,64.42,-173.23,23.0,8.95
363,Grand Gaube,40,MU,1575420044,78,-20.01,57.66,75.99,10.29
364,Loikaw,45,MM,1575420530,96,19.67,97.21,56.61,2.01
365,Rahatgarh,5,IN,1575420532,41,23.79,78.42,54.32,3.58
366,Kamenka,0,MD,1575420533,76,48.03,28.7,28.0,6.44
367,La Libertad,37,PE,1575420534,44,-16.38,-71.56,59.0,8.05
368,Genhe,79,CN,1575420535,97,50.78,121.52,-27.18,3.76
369,Sharjah,0,AE,1575420536,73,25.36,55.39,69.8,4.7
370,Kruisfontein,58,ZA,1575420040,72,-34.0,24.73,52.68,7.56
371,Tevaitoa,72,PF,1575420538,71,-16.78,-151.5,82.8,7.96
372,Sept-Iles,75,CA,1575419966,45,50.2,-66.38,26.6,8.05
373,Nueve de Julio,31,AR,1575420375,28,-31.67,-68.39,80.46,13.98
374,Priargunsk,1,RU,1575420541,77,50.37,119.09,-23.85,5.1
375,Faya,0,SA,1575420542,76,18.39,42.45,60.8,4.7
376,Neyshabur,31,IR,1575420544,46,36.21,58.79,47.34,12.01
377,Maceio,20,BR,1575420546,88,-9.67,-35.74,75.2,4.7
378,Berlin,75,DE,1575420547,87,52.52,13.39,44.01,10.29
379,Mirador,45,BR,1575420548,74,-6.37,-44.36,78.46,1.66
380,Xique-Xique,70,BR,1575420549,58,-10.82,-42.73,80.33,6.98
381,Columbus,1,US,1575420412,70,32.46,-84.99,48.2,4.7
382,Aklavik,20,CA,1575420551,74,68.22,-135.01,-20.2,3.69
383,Springbok,0,ZA,1575420552,38,-29.67,17.88,54.3,25.21
384,Tabas,49,IR,1575420553,56,33.6,56.92,51.8,4.7
385,Shanghai,0,CN,1575420538,75,31.23,121.49,48.0,4.47
386,Kudat,75,MY,1575420556,100,6.89,116.84,75.2,4.7
387,Ugoofaaru,90,MV,1575420557,80,5.67,73.0,82.78,11.56
388,Ahuimanu,40,US,1575420559,69,21.44,-157.84,82.4,6.93
389,Maymyo,20,MM,1575420560,88,22.03,96.47,62.6,3.36
390,Hlinsko,90,CZ,1575420561,86,49.76,15.91,33.01,3.36
391,Lodja,74,CD,1575420562,99,-3.52,23.6,68.81,0.56
392,Jutai,53,BR,1575420563,91,-1.71,-47.89,75.99,3.47
393,Pochutla,20,MX,1575420565,78,15.74,-96.47,84.2,6.35
394,Tahoua,4,NE,1575420566,18,14.89,5.26,71.6,6.93
395,Khandyga,97,RU,1575420567,97,62.65,135.58,-35.91,2.53
396,My Tho,40,VN,1575420568,68,10.36,106.37,71.6,3.36
397,Hofn,100,IS,1575420103,82,64.25,-15.21,43.99,48.88
398,Glendive,1,US,1575420570,69,47.11,-104.71,42.8,13.87
399,Ypsonas,20,CY,1575420572,81,34.69,32.96,55.4,3.36
400,Avera,1,US,1575420573,70,33.19,-82.53,46.4,6.93
401,Tuatapere,92,NZ,1575420574,85,-46.13,167.69,53.01,8.01
402,Namibe,77,AO,1575420575,82,-15.19,12.15,72.73,4.21
403,Bereda,0,ES,1575420576,93,43.27,-7.54,36.0,4.7
404,Cabo San Lucas,5,MX,1575420306,73,22.89,-109.91,75.2,4.7
405,Leshukonskoye,99,RU,1575420578,95,64.9,45.76,17.22,5.41
406,Waipawa,0,NZ,1575420579,27,-39.94,176.59,77.77,8.1
407,Tilichiki,100,RU,1575420093,99,60.47,166.1,-13.54,14.79
408,Hami,0,CN,1575420581,68,42.84,93.51,17.92,1.05
409,Tsumeb,54,NA,1575420582,66,-19.25,17.72,68.97,7.05
410,Kresttsy,100,RU,1575420584,92,58.25,32.52,26.47,7.76
411,Sorong,100,ID,1575420585,84,-0.86,131.25,81.37,2.62
412,Najran,0,SA,1575420586,47,17.54,44.22,57.2,1.57
413,Sao Paulo de Olivenca,97,BR,1575420587,95,-3.38,-68.87,74.89,0.78
414,Tupelo,1,US,1575420588,65,34.26,-88.7,44.6,4.21
415,Rome,0,IT,1575420380,75,41.89,12.48,51.01,8.05
416,Beira,0,ES,1575420590,93,43.2,-8.36,37.0,4.7
417,Fallon,1,US,1575420591,60,46.84,-105.12,42.8,11.41
418,Sumbe,51,AO,1575420593,88,-11.2,13.84,74.82,2.37
419,Grande Prairie,75,CA,1575420351,66,55.17,-118.79,32.0,3.36
420,Onguday,19,RU,1575420595,70,50.75,86.14,13.12,6.4
421,Port Hardy,90,CA,1575420596,100,50.7,-127.42,42.8,5.82
422,Vestmanna,100,FO,1575420597,93,62.16,-7.17,48.2,23.04
423,Bafra,90,TR,1575420598,81,41.57,35.91,48.2,17.22
424,Gannan,0,CN,1575420599,74,47.92,123.49,-11.92,6.76
425,High Level,40,CA,1575420600,78,58.52,-117.13,14.0,10.29
426,Lar,0,IR,1575420602,81,27.66,54.32,51.8,2.42
427,Garoua,69,CM,1575420603,25,9.31,13.39,73.94,2.42
428,Chara,90,GR,1575420604,81,39.42,22.43,50.0,5.82
429,Palana,100,RU,1575420605,77,59.08,159.95,9.41,9.82
430,San Cristobal,100,HN,1575420606,89,14.68,-86.92,65.84,2.86
431,Laksar,34,IN,1575420607,62,29.75,78.02,53.26,0.74
432,Pangody,91,RU,1575420608,96,65.85,74.49,6.31,11.63
433,Quatre Cocos,40,MU,1575420609,78,-20.21,57.76,75.99,10.29
434,Falam,16,MM,1575420610,98,22.91,93.68,48.29,1.86
435,Mandan,1,US,1575420576,80,46.83,-100.89,37.4,18.34
436,Ilinskiy,75,RU,1575420613,79,55.62,38.12,28.99,6.71
437,Isiolo,42,KE,1575420614,79,0.35,37.58,69.1,6.6
438,Benguela,45,AO,1575420615,86,-12.58,13.4,75.97,1.16
439,Aykhal,75,RU,1575420616,75,65.95,111.51,-20.2,4.47
440,Minab,0,IR,1575420617,82,27.15,57.07,62.6,4.7
441,Kidal,16,ML,1575420618,14,18.44,1.41,69.66,6.08
442,Shuyskoye,100,RU,1575420619,93,59.37,41.03,21.69,7.09
443,Aswan,13,EG,1575420389,43,24.09,32.9,56.32,8.9
444,Beyneu,32,KZ,1575420622,93,45.32,55.19,31.35,5.86
445,Lamu,0,CN,1575420623,70,35.77,102.37,12.0,4.27
446,Solnechnyy,100,RU,1575420624,87,50.72,136.64,8.76,4.94
447,Takapau,0,NZ,1575420625,27,-40.02,176.35,77.77,8.1
448,Kieta,93,PG,1575420408,71,-6.22,155.63,83.52,3.47
449,Nago,0,IT,1575420092,69,45.88,10.89,42.8,3.36
450,Alamosa,1,US,1575420628,73,37.47,-105.87,35.6,5.19
451,Pangkalanbuun,88,ID,1575420082,90,-2.68,111.62,77.52,2.15
452,Talaya,75,RU,1575420630,92,55.79,84.89,23.0,13.42
453,Seoul,1,KR,1575420632,74,37.57,126.98,33.8,1.66
454,Kondinskoye,94,RU,1575420633,88,59.65,67.41,13.32,10.04
455,Antalya,0,TR,1575420634,75,36.9,30.69,53.01,8.05
456,Zaozerne,10,UA,1575420635,89,51.37,23.94,28.04,9.33
457,Batote,73,IN,1575420636,30,33.12,75.32,34.52,6.69
458,Saldanha,0,PT,1575420637,85,41.42,-6.55,33.76,5.84
459,Mehamn,96,NO,1575420638,79,71.03,27.85,24.8,3.36
460,Auki,78,NG,1575420090,19,12.18,6.51,69.69,9.17
461,Praia da Vitoria,20,PT,1575420641,63,38.73,-27.07,60.8,20.33
462,Xinzhi,90,TW,1575420642,56,22.54,120.62,68.0,6.93
463,Kuandian,3,CN,1575420643,54,40.73,124.78,21.6,6.38
464,Pitimbu,20,BR,1575420060,78,-7.47,-34.81,78.8,6.93
465,Gladstone,0,AU,1575420645,24,-23.84,151.26,91.0,14.99
466,Lucieni,24,RO,1575420646,91,45.13,25.11,19.99,3.11
467,Landskrona,90,SE,1575420647,100,55.87,12.83,48.0,11.41
468,Vanavara,86,RU,1575420648,92,60.35,102.28,-12.23,5.39
469,Slavutych,2,UA,1575420650,94,51.52,30.76,24.39,10.22
470,San Nicolas,75,PH,1575420651,78,13.93,120.95,84.99,10.29
471,Luoyang,0,CN,1575420652,41,34.66,112.42,36.66,5.64
472,Sobolevo,87,RU,1575420653,87,54.43,31.9,27.25,11.3
473,Hanzhong,100,CN,1575420654,70,33.08,107.03,37.81,0.87
474,Mashhad,44,IR,1575420464,81,36.3,59.61,42.8,4.7
475,Norsup,81,VU,1575420656,79,-16.07,167.38,86.0,10.29
476,Abha,21,SA,1575420657,76,18.22,42.5,60.8,4.7
477,Swan River,69,CA,1575420658,88,52.11,-101.27,25.07,9.26
478,Marsa Matruh,0,EG,1575420659,64,31.35,27.25,66.51,6.46
479,Lima,90,PE,1575420446,77,-12.06,-77.04,69.8,10.29
480,Sitka,59,US,1575420662,54,37.17,-99.65,45.0,3.0
481,Manacapuru,20,BR,1575420663,74,-3.3,-60.62,80.6,4.7
482,Qasigiannguit,75,GL,1575420664,72,68.82,-51.19,12.2,25.28
483,Nizhnyaya Tavda,87,RU,1575420665,89,57.67,66.17,13.62,6.64
484,Nuevitas,20,CU,1575420666,88,21.55,-77.27,69.8,6.93
485,San Isidro,75,CR,1575420667,73,10.02,-84.06,73.4,9.17
486,Miami,1,US,1575420394,59,25.77,-80.19,63.0,4.7
487,Borgarnes,75,IS,1575420670,74,64.54,-21.92,37.4,19.46
488,Nacogdoches,1,US,1575420671,76,31.6,-94.66,53.6,4.09
489,Noumea,98,NC,1575420460,41,-22.28,166.46,91.4,11.41
490,Berea,90,US,1575420528,86,37.57,-84.3,37.99,6.93
491,Verkhniy Fiagdon,87,RU,1575420674,79,42.83,44.31,27.77,5.32
492,Camacha,40,PT,1575420675,63,33.08,-16.33,64.4,13.87
493,Xinyu,43,CN,1575420676,48,27.8,114.93,44.78,3.6
494,Erzin,40,TR,1575420677,81,36.95,36.2,48.99,2.24
495,Baley,0,RU,1575420678,77,51.58,116.65,-28.05,2.55
496,Milkovo,90,BG,1575420679,94,41.53,24.68,42.01,5.82
497,Penzance,0,GB,1575420680,93,50.12,-5.53,50.0,11.41
498,Illapel,100,CL,1575420682,65,-31.63,-71.17,52.86,2.19
499,Tyukhtet,96,RU,1575420683,83,56.54,89.31,20.46,7.16
500,Sibolga,90,ID,1575420684,89,1.74,98.78,71.92,3.2
501,Macenta,0,GN,1575420685,47,8.55,-9.47,66.61,1.68
502,Rodrigues Alves,90,BR,1575420686,100,-7.74,-72.65,75.2,1.61
503,Qaqortoq,95,GL,1575420687,52,60.72,-46.03,17.6,6.93
504,Uglovoye,78,UA,1575420688,72,44.82,33.6,38.89,9.75
505,Fukue,20,JP,1575420689,57,35.03,136.69,51.8,31.09
506,Mogwase,100,ZA,1575420691,88,-25.28,27.22,69.8,4.7
507,Bitung,20,ID,1575420692,79,1.44,125.19,84.2,2.24
508,Guangyuan,100,CN,1575420693,69,32.43,105.86,42.01,4.61
509,Alofi,40,NU,1575420694,66,-19.06,-169.92,84.2,13.87
510,Verkhnevilyuysk,4,RU,1575420695,94,63.45,120.31,-34.55,5.46
511,Berlevag,37,NO,1575420696,79,70.86,29.09,24.8,3.36
512,Great Falls,40,US,1575420697,65,47.5,-111.29,44.6,26.4
513,Cabinda,38,AO,1575420698,77,-5.56,12.19,80.78,4.92
514,Denpasar,40,ID,1575420621,74,-8.65,115.22,86.0,3.36
515,Marzuq,72,YE,1575420701,41,14.4,46.47,57.47,2.48
516,Kishapu,88,TZ,1575420702,86,-3.61,33.87,68.43,7.09
517,Pandan,96,PH,1575420703,69,11.72,122.09,81.68,4.5
518,Mwinilunga,100,ZM,1575420704,98,-11.73,24.43,62.38,3.91
519,Macomer,96,IT,1575420705,82,40.26,8.77,55.4,9.17
520,Hereford,44,GB,1575420706,94,52.06,-2.72,37.99,5.95
521,Shumskiy,32,RU,1575420707,84,54.83,99.13,6.24,3.62
522,Omsukchan,100,RU,1575420708,99,62.53,155.8,-32.04,13.51
523,Kano,98,NG,1575420709,63,11.99,8.53,60.8,6.17
524,La Ronge,20,CA,1575420710,79,55.1,-105.3,28.4,5.82
525,Puerto del Rosario,40,ES,1575420712,68,28.5,-13.86,66.2,8.05
526,Whitehorse,75,CA,1575420713,85,60.72,-135.06,19.4,5.82
527,Beroroha,18,MG,1575420714,67,-21.68,45.17,75.74,2.24
528,Parintins,33,BR,1575420715,57,-2.63,-56.73,82.2,1.25
529,Ulaangom,25,MN,1575420716,84,49.98,92.07,-4.49,3.0
530,Ciudad Bolivar,80,VE,1575420717,79,8.12,-63.55,78.17,10.71
531,Snezhnogorsk,10,RU,1575420718,84,69.19,33.23,3.2,2.24
532,Beya,49,RU,1575420719,72,53.05,90.92,14.4,4.32
533,Saint-Augustin,40,CA,1575420720,54,45.63,-73.98,30.0,5.82
534,Yeppoon,0,AU,1575420721,27,-23.13,150.74,91.4,10.29
535,Dukat,94,AL,1575420723,82,40.25,19.57,60.91,20.69
536,Dakar,67,SN,1575420568,88,14.69,-17.45,73.4,17.22
537,Anzio,4,IT,1575420725,75,41.45,12.63,51.01,8.05
538,Portland,90,US,1575420638,68,43.66,-70.25,30.2,13.87
539,Eydhafushi,93,MV,1575420727,79,5.1,73.07,82.71,12.24
540,Phan Thiet,95,VN,1575420728,70,10.93,108.1,67.14,2.89
541,Dafeng,0,CN,1575420729,64,33.2,120.46,39.25,3.2
542,Kijang,20,KR,1575420730,51,35.24,129.21,39.2,4.7
543,Itoman,40,JP,1575420731,52,26.12,127.67,69.8,14.99
544,Belmonte,16,PT,1575420525,89,40.36,-7.35,41.0,1.01
545,Harper,1,US,1575420734,35,30.3,-99.24,64.0,8.57
546,Tiznit,83,MA,1575420735,86,29.7,-9.73,49.28,8.12
547,Dingle,100,PH,1575420736,87,11.0,122.67,78.6,3.83
548,Zambezi,100,ZM,1575420737,95,-13.55,23.12,66.15,4.34
